# date: Mon Feb  2 08:45:04 EET 2026
# this file is auto-generated by scripts/gen-authors.sh

Нияз Гарифзянов <112617865+garrnizon@users.noreply.github.com>
杨朱 · Kiki <baofa.fan@daocloud.io>
エシュナヴァリシア <148695646+eternaphia@users.noreply.github.com>
吴小白 <296015668@qq.com>
源文雨 <41315874+fumiama@users.noreply.github.com>
蕭澧邦 <45505768+shou692199@users.noreply.github.com>
도로로도로또 <60079918+dororodoroddo@users.noreply.github.com>
손희준 <openingnow@naver.com>
谢乃闻 <sienaiwun@users.noreply.github.com>
0cc4m <picard12@live.de>
0Marble <85058989+0Marble@users.noreply.github.com>
0xspringtime <110655352+0xspringtime@users.noreply.github.com>
20kdc <asdd2808@gmail.com>
2114L3 <2114L3@users.noreply.github.com>
2f38b454 <dxf@protonmail.com>
3ooabkhxtn <31479382+3ooabkhxtn@users.noreply.github.com>
44670 <44670@users.noreply.github.com>
4onen <11580688+4onen@users.noreply.github.com>
65a <10104049+65a@users.noreply.github.com>
708-145 <40387547+708-145@users.noreply.github.com>
a-n-n-a-l-e-e <150648636+a-n-n-a-l-e-e@users.noreply.github.com>
a3sh <38979186+A3shTnT@users.noreply.github.com>
aa956 <aa956@users.noreply.github.com>
Aadeshveer Singh <24b0926@iitb.ac.in>
Aadeshveer Singh <aadeshveer07@gmail.com>
Aarni Koskela <akx@iki.fi>
Aaron Miller <apage43@ninjawhale.com>
Aaron Teo <57927438+taronaeo@users.noreply.github.com>
Aaron Teo <aaron.teo1@ibm.com>
Aaryaman Vasishta <aaryaman.vasishta@amd.com>
Abheek Gulati <abheekg@hotmail.com>
Abhilash Majumder <30946547+abhilash1910@users.noreply.github.com>
Abhishek Gopinath K <31348521+overtunned@users.noreply.github.com>
Acly <aclysia@gmail.com>
Adam <channeladam@users.noreply.github.com>
adel boussaken <netdur@gmail.com>
Adithya Balaji <adithya.b94@gmail.com>
AdithyanI <adithyan.i4internet@gmail.com>
Adrian <smith.adriane@gmail.com>
Adrian Hesketh <a-h@users.noreply.github.com>
Adrian Kretz <me@akretz.com>
Adrian Lundberg <47256989+alundb@users.noreply.github.com>
Adrien Gallouët <adrien@gallouet.fr>
Adrien Gallouët <angt@huggingface.co>
afrideva <95653597+afrideva@users.noreply.github.com>
ag2s20150909 <19373730+ag2s20150909@users.noreply.github.com>
agray3 <agray3@users.noreply.github.com>
Ahmad Tameem <113388789+Tameem-10xE@users.noreply.github.com>
Ahmet Zeer <ahmed.zeer@std.yildiz.edu.tr>
ai-fonsi <length-amiss-7k@icloud.com>
Aidan <99101158+gSUz92nc@users.noreply.github.com>
AidanBeltonS <87009434+AidanBeltonS@users.noreply.github.com>
AidanBeltonS <aidan.belton@codeplay.com>
Aisuko <urakiny@gmail.com>
Akarshan Biswas <akarshan.biswas@gmail.com>
Akarshan Biswas <akarshan@menlo.ai>
Akarshan Biswas <akarshanbiswas@fedoraproject.org>
akawrykow <142945436+akawrykow@users.noreply.github.com>
Al Mochkin <14274697+amochkin@users.noreply.github.com>
Alan Gray <agray3@users.noreply.github.com>
Alawode Oluwandabira <dabiraalawode@yahoo.com>
Albert Jin <albert.jin@gmail.com>
Alberto <57916483+albbus-stack@users.noreply.github.com>
Alberto Cabrera Pérez <1478977+Alcpz@users.noreply.github.com>
Alberto Cabrera Pérez <alberto.cabrera@codeplay.com>
Alberto Cabrera Pérez <alberto.cabrera@intel.com>
Alberto Cabrera Pérez <alberto.cabrera@liquid.ai>
Aldehir Rojas <hello@alde.dev>
alek3y <44779186+alek3y@users.noreply.github.com>
Aleksander Grygier <aleksander.grygier@gmail.com>
Aleksei Nikiforov <103434461+AlekseiNikiforovIBM@users.noreply.github.com>
Alessandro98-git <61804547+Alessandro98-git@users.noreply.github.com>
Alex <awhill19@icloud.com>
Alex Azarov <alex@azarov.by>
Alex Azarov <alexander.azarov@mapbox.com>
Alex Brooks <alex.brooks@ibm.com>
Alex Fanthome <xfanth@gmail.com>
Alex Klinkhamer <from.github.com.917@grencez.dev>
Alex Klinkhamer <git@grencez.dev>
Alex Nguyen <tiendung@users.noreply.github.com>
Alex O'Connell <35843486+acon96@users.noreply.github.com>
Alex Petenchea <alex.petenchea@gmail.com>
Alex Renda <alexrenda@users.noreply.github.com>
Alex Trotta <44127594+Ahajha@users.noreply.github.com>
Alex Tuddenham <61622354+AlexsCode@users.noreply.github.com>
Alex von Gluck IV <kallisti5@unixzen.com>
Alex Wu <dindinw@users.noreply.github.com>
alex-spacemit <jinghui.huang@spacemit.com>
Alexey Parfenov <zxed@alkatrazstudio.net>
Alexis Williams <typedrat@users.noreply.github.com>
alexpinel <93524949+alexpinel@users.noreply.github.com>
Alfred <zxu3@clemson.edu>
Ali Chraghi <63465728+alichraghi@users.noreply.github.com>
Ali Nehzat <ali.nehzat@thanks.dev>
Ali Tariq <ali.tariq@10xengineers.ai>
Ali Tariq <alitariq4589@gmail.com>
Alon <alonfaraj@gmail.com>
alonfaraj <alonfaraj@gmail.com>
AlpinDale <52078762+AlpinDale@users.noreply.github.com>
alwqx <kenan3015@gmail.com>
Aman <amangupta052@gmail.com>
Aman Gupta <amangupta052@gmail.com>
amd-dwang <dong.wang@amd.com>
amd-lalithnc <lalithnc@amd.com>
Amir <amir_zia@outlook.com>
amirai21 <89905406+amirai21@users.noreply.github.com>
AmirAli Mirian <37371367+amiralimi@users.noreply.github.com>
amritahs-ibm <amritahs@linux.vnet.ibm.com>
AN Long <aisk@users.noreply.github.com>
Ananta Bastola <anantarajbastola@gmail.com>
Anas Ahouzi <112881240+aahouzi@users.noreply.github.com>
Anav Prasad <anavp@nvidia.com>
anavp-nvidia <anavp@nvidia.com>
Andika Wasisto <andika@wasisto.com>
András Salamon <ott2@users.noreply.github.com>
Andreas (Andi) Kunar <andreask@msn.com>
Andreas Kieslinger <47689530+aendk@users.noreply.github.com>
Andrei <abetlen@gmail.com>
Andrew Aladjev <aladjev.andrew@gmail.com>
Andrew Canis <andrew.canis@gmail.com>
Andrew Downing <andrew2085@gmail.com>
Andrew Duffy <a10y@users.noreply.github.com>
Andrew Godfrey <AndrewGodfrey@users.noreply.github.com>
Andrew Marshall <andrew@johnandrewmarshall.com>
Andrew Minh Nguyen <40281306+amqdn@users.noreply.github.com>
andrijdavid <david@geek.mg>
Andy Salerno <andysalerno@gmail.com>
Andy Tai <andy-tai@users.noreply.github.com>
Ankur Verma <31362771+ankurvdev@users.noreply.github.com>
anon998 <131767832+anon998@users.noreply.github.com>
Anri Lombard <anri.m.lombard@gmail.com>
Anthony Umfer <aumfer@gmail.com>
Anthony Van de Gejuchte <anthonyvdgent@gmail.com>
antichristHater <142441588+antichristHater@users.noreply.github.com>
Antoine Viallon <antoine@lesviallon.fr>
Anton Mitkov <anton_b_mitkov@abv.bg>
Anton Mitkov <anton.mitkov@codeplay.com>
Antonis Makropoulos <benuix@gmail.com>
Anudit Nagar <nagaranudit@gmail.com>
anzz1 <anzz1@live.com>
apaz <aarpazdera@gmail.com>
apcameron <37645737+apcameron@users.noreply.github.com>
arch-btw <57669023+arch-btw@users.noreply.github.com>
arcrank <arcrank@gmail.com>
ardfork <134447697+ardfork@users.noreply.github.com>
Arik Poznanski <arikpoz@users.noreply.github.com>
arlo-phoenix <140345165+arlo-phoenix@users.noreply.github.com>
Armen Kaleshian <kriation@users.noreply.github.com>
Artem <guinmoon@gmail.com>
Artem Zinnatullin <ceo@abstractny.gay>
Artyom Lebedev <vagran.ast@gmail.com>
aryantandon01 <80969509+aryantandon01@users.noreply.github.com>
Asbjørn Olling <asbjornolling@gmail.com>
Ásgeir Bjarni Ingvarsson <asgeir@fundinn.org>
Asghar Ghorbani <a-ghorbani@users.noreply.github.com>
Ashish <1856117+ashishdatta@users.noreply.github.com>
Ashok Gelal <401055+ashokgelal@users.noreply.github.com>
Ashraful Islam <ashraful.meche@gmail.com>
AT <manyoso@users.noreply.github.com>
at8u <129688334+at8u@users.noreply.github.com>
Atharva Dubey <atharva.dubey@codeplay.com>
Atsushi Tatsuma <yoshoku@outlook.com>
aubreyli <aubreylee@gmail.com>
Austin <77757836+teleprint-me@users.noreply.github.com>
AustinMroz <austinmroz@utexas.edu>
automaticcat <daogiatuank54@gmail.com>
awatuna <23447591+awatuna@users.noreply.github.com>
b4b4o <zwbao@foxmail.com>
Bach Le <bach@bullno1.com>
BADR <contact@pythops.com>
bagheera <59658056+bghira@users.noreply.github.com>
Bailey Chittle <39804642+bachittle@users.noreply.github.com>
bandoti <141645996+bandoti@users.noreply.github.com>
BarfingLemurs <128182951+BarfingLemurs@users.noreply.github.com>
Bart Louwers <bart.louwers@gmail.com>
Bartowski <3266127+bartowski1182@users.noreply.github.com>
Bartowski <ckealty1182@gmail.com>
Bas Nijholt <basnijholt@gmail.com>
bashayer hijji <bashayer.hijji@gmail.com>
BB-fat <45072480+BB-fat@users.noreply.github.com>
Behnam M <58621210+ibehnam@users.noreply.github.com>
beiller <beiller@gmail.com>
Beinsezii <39478211+Beinsezii@users.noreply.github.com>
Ben Ashbaugh <ben.ashbaugh@intel.com>
Ben Chen <chanben04gz@gmail.com>
Ben Garney <bengarney@users.noreply.github.com>
Ben Siraphob <bensiraphob@gmail.com>
Ben Williams <ben@719ben.com>
Benjamin Findley <39356821+Kartoffelsaft@users.noreply.github.com>
Benjamin Lecaillon <84293038+blecaillon@users.noreply.github.com>
Benni <73313922+BenjaminBruenau@users.noreply.github.com>
Benson Wong <mostlygeek@gmail.com>
Bernat Vadell <hounter.caza@gmail.com>
Bernhard M. Wiedemann <githubbmwprimary@lsmod.de>
Bert Wagner <github@bertwagner.com>
bhubbb <79117352+bhubbb@users.noreply.github.com>
Billel Mokeddem <billel.mokeddem.ml@gmail.com>
Bingan <70050083+binganao@users.noreply.github.com>
Bizhao Shi <37729561+shibizhao@users.noreply.github.com>
Bjarke Viksøe <164612031+bviksoe@users.noreply.github.com>
Björn Ganster <mail@bjoern-ganster.de>
bmwl <brian.marshall@tolko.com>
Bo Zheng <368586905@qq.com>
bobqianic <129547291+bobqianic@users.noreply.github.com>
Bodhi <3882561+BodhiHu@users.noreply.github.com>
Bodo Graumann <mail@bodograumann.de>
Boian Berberov <7432115+bberberov@users.noreply.github.com>
Bono Lv <lvscar@users.noreply.github.com>
Borislav Stanimirov <b.stanimirov@abv.bg>
Borislav Stanimirov <b@ibob.bg>
Bowen Han <fancycode@gmail.com>
Branden Butler <bwtbutler@hotmail.com>
Brandon Squizzato <35474886+bsquizz@users.noreply.github.com>
Brian <mofosyne@gmail.com>
Brian Cunnie <brian.cunnie@gmail.com>
Bruce MacDonald <brucewmacdonald@gmail.com>
brucepro <git@brucepro.net>
Bryan Honof <bryanhonof@gmail.com>
bryanSwk <93190252+bryanSwk@users.noreply.github.com>
bsilvereagle <bsilvereagle@users.noreply.github.com>
bssrdf <merlintiger@hotmail.com>
byte-6174 <88070277+byte-6174@users.noreply.github.com>
Calvin Laurenson <calvin@laurenson.dev>
Cameron <csteele@steelecameron.com>
Cameron Kaiser <classilla@users.noreply.github.com>
Carolinabanana <140120812+Carolinabanana@users.noreply.github.com>
CarryFun <76023481+CarryFun@users.noreply.github.com>
Carsten Kragelund Jørgensen <carsten@kragelund.me>
CarterLi999 <664681047@qq.com>
Casey Primozic <casey@cprimozic.net>
Casey Primozic <me@ameo.link>
CausalLM <148736309+CausalLM@users.noreply.github.com>
ccbinn <ccbinn@163.com>
cduk <19917266+cduk@users.noreply.github.com>
cebtenzzre <cebtenzzre@gmail.com>
Cebtenzzre <cebtenzzre@gmail.com>
CentricStorm <CentricStorm@users.noreply.github.com>
Chad Brewbaker <crb002@gmail.com>
Chad Voegele <chadvoegele@users.noreply.github.com>
chaihahaha <chai836275709@gmail.com>
Changyeon Kim <cyzero.kim@samsung.com>
chansikpark <chansik.park@gmail.com>
Chao Jiang <jc19chaoj@zoho.com>
characharm <123120856+characharm@users.noreply.github.com>
Charles Duffy <charles@dyfis.net>
Charles Xu <63788048+chaxu01@users.noreply.github.com>
Charles Xu <charles.xu@arm.com>
chen fan <350211548@qq.com>
Chen Xi <xi2.chen@intel.com>
Chen Xi <xixichen08@foxmail.com>
Cheng Shao <terrorjack@type.dance>
Chenguang Li <757486878@qq.com>
Chenguang Li <87689256+noemotiovon@users.noreply.github.com>
chiranko <96988916+chiranko@users.noreply.github.com>
Chris Elrod <elrodc@gmail.com>
Chris Kuehl <ckuehl@ckuehl.me>
Chris Peterson <cpeterson@mozilla.com>
Chris Rohlf <chris.rohlf@gmail.com>
Chris Thompson <christopherthompson81@gmail.com>
Christian Demsar <christian@github.email.demsar.us>
Christian Demsar <crasm@git.vczf.us>
Christian Falch <875252+chrfalch@users.noreply.github.com>
Christian Fillion <cfillion@users.noreply.github.com>
Christian Kastner <ckk@kvr.at>
Christian Kögler <ck3d@gmx.de>
Christian Köhnenkamp <cvk5@me.com>
Christian Zhou-Zheng <59622928+christianazinn@users.noreply.github.com>
Christopher Nielsen <62156882+mascguy@users.noreply.github.com>
City <125218114+city96@users.noreply.github.com>
CJ Pais <cj@cjpais.com>
Clark Saben <76020733+csaben@users.noreply.github.com>
Clauszy <zhangyub@uniontech.com>
clibdev <52199778+clibdev@users.noreply.github.com>
Clint Herron <hanclinto@gmail.com>
clyang <clyang@clyang.net>
cmdr2 <secondary.cmdr2@gmail.com>
cmdr2 <shashank.shekhar.global@gmail.com>
cocktailpeanut <121128867+cocktailpeanut@users.noreply.github.com>
codezjx <code.zjx@gmail.com>
coezbek <c.oezbek@gmail.com>
comex <comexk@gmail.com>
compilade <113953597+compilade@users.noreply.github.com>
compilade <git@compilade.net>
Congcong Cai <congcongcai0907@163.com>
Conrad Kramer <conrad@conradkramer.com>
Copilot <198982749+Copilot@users.noreply.github.com>
Corentin REGAL <corentin.regal@gmail.com>
cpumaxx <163466046+cpumaxx@users.noreply.github.com>
crasm <crasm@git.vczf.net>
crasm <crasm@git.vczf.us>
crat0z <11581854+crat0z@users.noreply.github.com>
CRD716 <crd716@gmail.com>
CrispStrobe <154636388+CrispStrobe@users.noreply.github.com>
Csaba Kecskemeti <csaba.kecskemeti@gmail.com>
Cuong Trinh Manh <nguoithichkhampha@gmail.com>
daboe01 <daboe01@googlemail.com>
daghanerdonmez <44506702+daghanerdonmez@users.noreply.github.com>
Damian Stewart <d@damianstewart.com>
daminho <37615795+daminho@users.noreply.github.com>
DAN™ <dranger003@gmail.com>
Dan Johansson <164997844+eddnjjn@users.noreply.github.com>
Dan Johansson <dan.johansson@arm.com>
Dane Madsen <dane_madsen@hotmail.com>
DaniAndTheWeb <57776841+DaniAndTheWeb@users.noreply.github.com>
Daniel Benjaminsson <danielbenjaminsson@users.noreply.github.com>
Daniel Bevenius <daniel.bevenius@gmail.com>
Daniel Drake <drake@endlessos.org>
Daniel Han <danielhanchen@gmail.com>
Daniel Hiltgen <dhiltgen@users.noreply.github.com>
Daniel Illescas Romero <illescas.daniel@protonmail.com>
Daniel Kleine <53251018+d-kleine@users.noreply.github.com>
Daniel Tang <danielzgtg.opensource@gmail.com>
Daniele <57776841+daniandtheweb@users.noreply.github.com>
Daniele <daniele.dilotorres@gmail.com>
Daniele Pinna <72076821+pestopoppa@users.noreply.github.com>
Danny Milosavljevic <dannym@friendly-machines.com>
DannyDaemonic <DannyDaemonic@gmail.com>
Darius Lukas <dariusjlukas@gmail.com>
Dat Quoc Nguyen <2412555+datquocnguyen@users.noreply.github.com>
Dave <dave-fl@users.noreply.github.com>
Dave Airlie <airlied@gmail.com>
Dave Airlie <airlied@redhat.com>
Dave Della Costa <ddellacosta+github@gmail.com>
David Chiu <david20571015@gmail.com>
David Friehs <david@friehs.info>
David Huang <1969802+hjc4869@users.noreply.github.com>
David Kennedy <dakennedyd@gmail.com>
David Lima <contato@davidlima.com.br>
David Pflug <david@pflug.email>
david raistrick <keen99@users.noreply.github.com>
David Renshaw <dwrenshaw@gmail.com>
David Ribeiro Alves <davidralves@gmail.com>
David Sommers <12738+databyte@users.noreply.github.com>
David Yang <davidyang6us@gmail.com>
David Zhao <90013954+Your-Cheese@users.noreply.github.com>
davidef <davidef1986@gmail.com>
DavidKorczynski <david@adalogics.com>
Dawid Potocki <github@dawidpotocki.com>
Dawid Wysocki <62249621+TortillaZHawaii@users.noreply.github.com>
ddh0 <chemist-mulches-39@icloud.com>
ddh0 <dylanhalladay02@icloud.com>
ddpasa <112642920+ddpasa@users.noreply.github.com>
DDXDB <38449595+DDXDB@users.noreply.github.com>
Dean <Dean.Sinaean@gmail.com>
deepdiffuser <112834445+deepdiffuser@users.noreply.github.com>
deepsek <166548550+deepsek@users.noreply.github.com>
Deins <deinsegle@gmail.com>
Denis Spasyuk <34203011+dspasyuk@users.noreply.github.com>
Derrick T. Woolworth <dwoolworth@gmail.com>
Deven Mistry <31466137+deven367@users.noreply.github.com>
devojony <61173062+devojony@users.noreply.github.com>
diannao <55k@outlook.com>
Dibakar Gope <dibakar.gope@arm.com>
Didzis Gosko <didzis@users.noreply.github.com>
Diego Devesa <slarengh@gmail.com>
Diner Burger <burger@diner.name>
Đinh Trọng Huy <77562200+huydt84@users.noreply.github.com>
Diogo Teles Sant'Anna <diogoteles@google.com>
ditsuke <ditsuke@protonmail.com>
divinity76 <divinity76@gmail.com>
Djip007 <3705339+Djip007@users.noreply.github.com>
Djip007 <djip.perois@free.fr>
dm4 <dm4@secondstate.io>
dm4 <sunrisedm4@gmail.com>
Dmytro Minochkin <dmytro.minochkin@gmail.com>
Dobri Danchev <12420863+danchev@users.noreply.github.com>
DocShotgun <126566557+DocShotgun@users.noreply.github.com>
Doctor Shotgun <126566557+DocShotgun@users.noreply.github.com>
Don Mahurin <dmahurin@users.noreply.github.com>
Dong Won Kim <63934649+ddwkim@users.noreply.github.com>
Donghyeon Jeong <54725479+djeong20@users.noreply.github.com>
Dongliang Wei <121270393+wdl339@users.noreply.github.com>
Doomsdayrs <38189170+Doomsdayrs@users.noreply.github.com>
DooWoong Lee (David) <manics99@naver.com>
Dorin-Andrei Geman <doringeman@gmail.com>
dotpy314 <33351922+dotpy314@users.noreply.github.com>
Dou Xinpeng <15529241576@163.com>
Dou Xinpeng <81913537+Dou-Git@users.noreply.github.com>
Douglas Hanley <thesecretaryofwar@gmail.com>
Dowon <ks2515@naver.com>
Dr. Tom Murphy VII Ph.D <499244+tom7@users.noreply.github.com>
drbh <david.richard.holtz@gmail.com>
ds5t5 <145942675+ds5t5@users.noreply.github.com>
duduta <simona.gherman@gmail.com>
dylan <canardleteer@users.noreply.github.com>
eastriver <lee@eastriver.dev>
Ebey Abraham <ebey97@gmail.com>
ebraminio <ebrahim@gnu.org>
ebraminio <ebraminio@gmail.com>
Echo Nolan <echo@echonolan.net>
Ed Addario <29247825+EAddario@users.noreply.github.com>
Ed Lee <edilee@mozilla.com>
Ed Lepedus <ed.lepedus@googlemail.com>
Eddie-Wang <wangjinheng1120@163.com>
Edward Taylor <edeetee@gmail.com>
eiery <19350831+eiery@users.noreply.github.com>
Elaine <elaine.zosa@gmail.com>
Elbios <141279586+Elbios@users.noreply.github.com>
Elton Kola <eltonkola@gmail.com>
Emmanuel Ferdman <emmanuelferdman@gmail.com>
Emreerdog <34742675+Emreerdog@users.noreply.github.com>
Engininja2 <139037756+Engininja2@users.noreply.github.com>
Equim <sayaka@ekyu.moe>
Eric Curtin <ecurtin@redhat.com>
Eric Curtin <eric.curtin@docker.com>
Eric Curtin <ericcurtin17@gmail.com>
Eric Sommerlade <es0m@users.noreply.github.com>
Eric Zhang <34133756+EZForever@users.noreply.github.com>
eric8607242 <e0928021388@gmail.com>
Erik Garrison <erik.garrison@gmail.com>
Erik Scholz <Green-Sky@users.noreply.github.com>
Ervin Áron Tasnádi <etasnadi@protonmail.com>
Esko Toivonen <eskot98@gmail.com>
Ettore Di Giacinto <mudler@users.noreply.github.com>
EugeoSynthesisThirtyTwo <gabriel.dhimoila@gmail.com>
Evan Jones <evan.q.jones@gmail.com>
Evan Miller <emmiller@gmail.com>
Eve <139727413+netrunnereve@users.noreply.github.com>
Evgeny Kurnevsky <kurnevsky@gmail.com>
Ewan Crawford <ewan.cr@gmail.com>
Ewan Crawford <ewan@codeplay.com>
Ewout ter Hoeven <E.M.terHoeven@student.tudelft.nl>
ExtReMLapin <3909752+ExtReMLapin@users.noreply.github.com>
Fabian <cmdrf@users.noreply.github.com>
Fabio R. Sluzala <Fabio3rs@users.noreply.github.com>
Faez Shakil <faez.shakil@gmail.com>
fairydreaming <166155368+fairydreaming@users.noreply.github.com>
Faisal Zaghloul <faisal.zaghloul@gmail.com>
Faisal Zaghloul <quic_fzaghlou@quicinc.com>
Fan Shupei <dymarkfan@outlook.com>
FantasyGmm <16450052+FantasyGmm@users.noreply.github.com>
fanyang <fanyang89@outlook.com>
Farbod Bijary <110523279+farbodbj@users.noreply.github.com>
Fattire <528174+fat-tire@users.noreply.github.com>
Felix <stenbackfelix@gmail.com>
fengerhu1 <2748250768@qq.com>
fidoriel <49869342+fidoriel@users.noreply.github.com>
Finn Voorhees <finnvoorhees@gmail.com>
Firat <firatkiral@gmail.com>
FirstTimeEZ <179362031+FirstTimeEZ@users.noreply.github.com>
fj-y-saito <85871716+fj-y-saito@users.noreply.github.com>
FK <sozforex@gmail.com>
Florent BENOIT <fbenoit@redhat.com>
Florian Badie <florianbadie@odrling.xyz>
Folko-Ven <71110216+Folko-Ven@users.noreply.github.com>
Foul-Tarnished <107711110+Foul-Tarnished@users.noreply.github.com>
Francisco Herrera <ppaanncchhoo507@gmail.com>
Francisco Melo <43780565+francis2tm@users.noreply.github.com>
Frank Mai <thxcode0824@gmail.com>
FrankHB <frankhb1989@gmail.com>
Frankie Robertson <frankier@users.noreply.github.com>
fraxy-v <65565042+fraxy-v@users.noreply.github.com>
Fred Douglas <43351173+fredlas@users.noreply.github.com>
Frederik Vogel <Schaltfehler@users.noreply.github.com>
Fredrik Hultin <noname@nurd.se>
frob <rick+github@frob.com.au>
fxzjshm <11426482+fxzjshm@users.noreply.github.com>
g2mt <166577174+g2mt@users.noreply.github.com>
Gabe Goodhart <gabe.l.hart@gmail.com>
Gabe Goodhart <ghart@us.ibm.com>
Gabriel Larson <55459720+gabriellarson@users.noreply.github.com>
Gadflyii <34758915+Gadflyii@users.noreply.github.com>
Gaetan Bisson <gaetan@fenua.org>
GainLee <perfecter.gen@gmail.com>
Galunid <karolek1231456@gmail.com>
Gary Linscott <glinscott@gmail.com>
Gary Mulder <gjmulder@gmail.com>
gatbontonpc <gatbontonpc@gmail.com>
Gaurav Garg <52341457+gaugarg-nv@users.noreply.github.com>
Gaurav Garg <gaugarg@nvidia.com>
Gavin Zhao <gavinzhaojw@protonmail.com>
Genkagaku.GPT <hlhr202@163.com>
Georgi Gerganov <ggerganov@gmail.com>
Gian-Carlo Pascutto <gcp@sjeng.org>
GideonSerf <gdserf.gs@gmail.com>
Gilad S <giladgd@users.noreply.github.com>
Gilad S. <7817232+giladgd@users.noreply.github.com>
github-actions[bot] <github-actions[bot]@users.noreply.github.com>
GittyBurstein <g0534163997@gmail.com>
Giuseppe Scrivano <giuseppe@scrivano.org>
Giuseppe Scrivano <gscrivan@redhat.com>
GiviMAD <GiviMAD@users.noreply.github.com>
gliptic <gliptic@users.noreply.github.com>
gn64 <yukikaze.jp@gmail.com>
goerch <jhr.walter@t-online.de>
Govlzkoy <gotope@users.noreply.github.com>
grahameth <96447521+grahameth@users.noreply.github.com>
Gregor Jasny <gjasny@googlemail.com>
Grzegorz Grasza <xek@redhat.com>
gtygo <gtydoit@gmail.com>
Guillaume "Vermeille" Sanchez <Guillaume.V.Sanchez@gmail.com>
Guillaume Wenzek <gwenzek@users.noreply.github.com>
Guoliang Hua <32868157+nbcsm@users.noreply.github.com>
Guoteng <32697156+SolenoidWGT@users.noreply.github.com>
Guspan Tanadi <36249910+guspan-tanadi@users.noreply.github.com>
Gustavo Rocha Dias <91472747+gustrd@users.noreply.github.com>
Guus Waals <_@guusw.nl>
Guy Goldenberg <guy110698@gmail.com>
gwjr <502526+gwjr@users.noreply.github.com>
h-h-h-h <13482553+h-h-h-h@users.noreply.github.com>
Haggai Nuchi <h.nuchi@gmail.com>
Haiyue Wang <haiyuewa@163.com>
Halalaluyafail3 <55773281+Halalaluyafail3@users.noreply.github.com>
Hale Chan <halechan@qq.com>
Hamdoud Hakem <90524568+hamdoudhakem@users.noreply.github.com>
Han Qingzhe <95479277+hNSBQZ@users.noreply.github.com>
Han Yin <han.yin@arm.com>
HanishKVC <hanishkvc@gmail.com>
hankcs <cnhankmc@gmail.com>
Haohui Mai <ricetons@gmail.com>
haopeng <657407891@qq.com>
Haowei Wu <breadcyanide@icloud.com>
Haoxiang Fei <tonyfettes@tonyfettes.com>
Harald Fernengel <harald.fernengel@here.com>
Hatsune Miku <129688334+at8u@users.noreply.github.com>
HatsuneMikuUwU33 <173229399+HatsuneMikuUwU33@users.noreply.github.com>
Haus1 <haus.xda@gmail.com>
Héctor Estrada Moreno <hectorem2@gmail.com>
HelloKS <kqwe1859@gmail.com>
Helton Reis <47722840+HRKings@users.noreply.github.com>
Hendrik Erz <hendrik@zettlr.com>
Henk Poley <HenkPoley@gmail.com>
Henri Vasserman <henv@hot.ee>
Henrik Forstén <henrik.forsten@gmail.com>
Henry Linjamäki <henry.linjamaki@gmail.com>
Henry Linjamäki <henry.mikael.linjamaki@intel.com>
Henry147147 <44851451+Henry147147@users.noreply.github.com>
Herman Semenoff <GermanAizek@yandex.ru>
Herman Semenov <GermanAizek@yandex.ru>
Hesen Peng <hesen.peng@gmail.com>
HighDoping <highdoping@gmail.com>
HimariO <dsfhe49854@gmail.com>
hipudding <huafengchun@gmail.com>
hksdpc255 <43977088+hksdpc255@users.noreply.github.com>
Hoang Nguyen <hugo53@users.noreply.github.com>
hoangmit <hoangmit@users.noreply.github.com>
HonestQiao <honestqiao@gmail.com>
Hong Bo PENG <penghb@cn.ibm.com>
hongbo.mo <352280764@qq.com>
Hongyu Ouyang <96765450+casavaca@users.noreply.github.com>
hopkins385 <98618192+hopkins385@users.noreply.github.com>
Howard Su <howard0su@gmail.com>
howlger <eclipse@voormann.de>
howlger <github@voormann.de>
Hua Jiang <allenhjiang@outlook.com>
Huang Qi <huangqi3@xiaomi.com>
Huawei Lin <huaweilin.cs@gmail.com>
Hugo Roussel <hugo.rous@gmail.com>
Huifeng Ou <79071290+ho2103@users.noreply.github.com>
hutli <6594598+hutli@users.noreply.github.com>
hutli <hutli@hutli.hu>
hutli <jensstaermose@hotmail.com>
hxer7963 <hxer7963@gmail.com>
hydai <z54981220@gmail.com>
iacore <74560659+iacore@users.noreply.github.com>
Ian Bull <irbull@eclipsesource.com>
Ian Bull <irbull@gmail.com>
Ian Scrivener <github@zilogy.asia>
ibrahim khadraoui <132432132+ibrahimkhadraoui@users.noreply.github.com>
Icecream95 <the.real.icecream95@gmail.com>
Icenowy Zheng <uwu@icenowy.me>
icppWorld <124377669+icppWorld@users.noreply.github.com>
Ido S <ido.pluto@gmail.com>
igardev <49397134+igardev@users.noreply.github.com>
igarnier <igarnier@protonmail.com>
IgnacioFDM <ignaciofdm@gmail.com>
Igor Okulist <okigan@gmail.com>
Igor Smirnov <smirnoviv@rambler.ru>
Ihar Hrachyshka <ihar.hrachyshka@gmail.com>
Ihar Hrachyshka <ihrachys@redhat.com>
Ikko Eltociear Ashimine <eltociear@gmail.com>
Ilia Ilmer <iliailmer@users.noreply.github.com>
Ilya Kurdyukov <59548320+ilyakurdyukov@users.noreply.github.com>
Imad Saddik <79410781+ImadSaddik@users.noreply.github.com>
intelmatt <61025942+intelmatt@users.noreply.github.com>
iohub <rickyang.pro@gmail.com>
Ionoclast Laboratories <brigham@ionoclast.com>
iron <lizhenneng@gmail.com>
Isaac McFadyen <isaac@imcf.me>
IsaacDynamo <61521674+IsaacDynamo@users.noreply.github.com>
Ishaan Gandhi <Ishaangandhi@gmail.com>
iSma <ismail.senhaji@gmail.com>
issixx <46835150+issixx@users.noreply.github.com>
Ivan <nekotekina@gmail.com>
Ivan Filipov <159561759+vanaka11@users.noreply.github.com>
Ivan Komarov <Ivan.Komarov@dfyz.info>
Ivan Stepanov <ivanstepanovftw@gmail.com>
Ivy233 <952254420@qq.com>
ixgbe <1113177880@qq.com>
j-k <dev@j-k.io>
jacekpoplawski <67507230+jacekpoplawski@users.noreply.github.com>
Jack Mousseau <jack@software.inc>
Jack Mousseau <jmousseau@users.noreply.github.com>
JackJollimore <130917767+JackJollimore@users.noreply.github.com>
jacobi petrucciani <8117202+jpetrucciani@users.noreply.github.com>
Jaeden Amero <jaeden@patater.com>
Jaemin Son <woalsdnd@gmail.com>
Jafar Uruç <jafar.uruc@gmail.com>
Jag Chadha <jagtesh@gmail.com>
jaime-m-p <167997752+jaime-m-p@users.noreply.github.com>
Jake Karnes <jake.karnes@gmail.com>
Jakkala Mahesh <155058658+MaheshJakkala@users.noreply.github.com>
Jakub N <jakubniemczyk97@gmail.com>
James A Capozzoli <157492257+jac-jim@users.noreply.github.com>
James Reynolds <magnusviri@users.noreply.github.com>
jameswu2014 <545426914@qq.com>
Jan Boon <jan.boon@kaetemi.be>
Jan Boon <kaetemi@gmail.com>
Jan Ploski <jpl@plosquare.com>
Jannis Schönleber <joennlae@gmail.com>
Jared Tweed <jaredtwe@gmail.com>
Jared Van Bortel <cebtenzzre@gmail.com>
Jared Van Bortel <jared@nomic.ai>
Jaromír Hradílek <jhradilek@gmail.com>
Jason C.H <ctrysbita@outlook.com>
Jason McCartney <jmac@theroot.org>
Jason Ni <jason.ni.py@gmail.com>
Jason Stillerman <jason.t.stillerman@gmail.com>
jason_w <jason.wang@126.com>
Jay <BusyJay@users.noreply.github.com>
Jay Zenith <162098309+JayZenith@users.noreply.github.com>
JC <43374599+MrSMlT@users.noreply.github.com>
jdomke <28772296+jdomke@users.noreply.github.com>
Jean-Christophe Hoelt <hoelt@fovea.cc>
Jean-Michaël Celerier <jeanmichael.celerier+github@gmail.com>
Jed Fox <git@jedfox.com>
Jeff Bolz <jbolz@nvidia.com>
Jeffrey Morgan <jmorganca@gmail.com>
Jeffrey Quesnelle <emozilla@nousresearch.com>
Jeremy Demeule <jdemeule@users.noreply.github.com>
Jeremy Rand <244188+JeremyRand@users.noreply.github.com>
Jeroen Mostert <jeroen.mostert@cm.com>
Jesse <jesse@createthis.com>
Jesse Gross <jesse@kernel.org>
Jesse Ikonen <jesse.ikonen@gmail.com>
Jesse Jojo Johnson <williamsaintgeorge@gmail.com>
Jett Janiak <jettjaniak@gmail.com>
Jeximo <jeximo@gmail.com>
JFLFY2255 <JFLFY2255@163.com>
JH23X <165871467+JH23X@users.noreply.github.com>
Jhen-Jie Hong <iainst0409@gmail.com>
Jiacheng (Jason) Chen <76919340+jiachengjason@users.noreply.github.com>
Jiahao Li <liplus17@163.com>
jiahao su <damow890@gmail.com>
Jian Liao <jianliao@users.noreply.github.com>
JidongZhang-THU <1119708529@qq.com>
Jie Fu (傅杰) <fujie_email@sina.com>
Jie Fu (傅杰) <jiefu@tencent.com>
jiez <373447296@qq.com>
Jinwoo Jeong <33892306+williamjeong2@users.noreply.github.com>
Jinyang He <hejinyang@loongson.cn>
Jiří Podivín <66251151+jpodivin@users.noreply.github.com>
Jiří Sejkora <Sejseloid@gmail.com>
JJJYmmm <92386084+JJJYmmm@users.noreply.github.com>
jklincn <985765408@qq.com>
jklincn <jklincn@outlook.com>
jneem <joeneeman@gmail.com>
Joan Fontanals <jfontanalsmartinez@gmail.com>
Joan Fontanals <joan.fontanals.martinez@jina.ai>
João Dinis Ferreira <hello@joaof.eu>
Joe Eli McIlvain <joe.eli.mac@gmail.com>
Joe Todd <joe.todd@codeplay.com>
joecryptotoo <80373433+joecryptotoo@users.noreply.github.com>
Johan <JohanAR@users.noreply.github.com>
Johannes Gäßler <johannesg@5d6.de>
Johannes Rudolph <johannes.rudolph@gmail.com>
John <78893154+cmp-nct@users.noreply.github.com>
John Balis <phobossystems@gmail.com>
John Bean <113509988+johnbean393@users.noreply.github.com>
John Smith <67539080+kingsidelee@users.noreply.github.com>
JohnnyB <jboero@users.noreply.github.com>
johnson442 <56517414+johnson442@users.noreply.github.com>
jojorne <jojorne@users.noreply.github.com>
jon-chuang <9093549+jon-chuang@users.noreply.github.com>
Jonas Wunderlich <32615971+jonas-w@users.noreply.github.com>
Jonathan Graehl <99024+graehl@users.noreply.github.com>
Jorge A <161275481+jorgealias@users.noreply.github.com>
Jose Maldonado <63384398+yukiteruamano@users.noreply.github.com>
Joseph Stahl <1269177+josephst@users.noreply.github.com>
Josh Ramer <josh.ramer@icloud.com>
Joshua Cogliati <jrincayc@users.noreply.github.com>
Joyce <joycebrum@google.com>
jp-x-g <jpxg-dev@protonmail.com>
Juan Calderon-Perez <835733+gaby@users.noreply.github.com>
Judd <4046440+foldl@users.noreply.github.com>
Judd <foldl@users.noreply.github.com>
Juk Armstrong <69222624+jukofyork@users.noreply.github.com>
jukofyork <69222624+jukofyork@users.noreply.github.com>
Julien Denize <40604584+juliendenize@users.noreply.github.com>
Julius Arkenberg <arki05@users.noreply.github.com>
Julius Tischbein <jtischbein@nvidia.com>
Julius Tischbein <ju.tischbein@gmail.com>
Jun Hee Yoo <contact.jhyoo@gmail.com>
Jun Jie <71215065+junnjiee16@users.noreply.github.com>
junchao-loongson <68935141+junchao-loongson@users.noreply.github.com>
junchao-zhao <68935141+junchao-loongson@users.noreply.github.com>
Junil Kim <logyourself@gmail.com>
Junwon Hwang <nuclear1221@gmail.com>
Junyang Lin <justinlin930319@hotmail.com>
Juraj Bednar <juraj@bednar.io>
Justin Parker <jparkerweb@gmail.com>
Justin Santa Barbara <justinsb@google.com>
Justin Suess <justin.suess@westpoint.edu>
Justina Cho <justcho5@gmail.com>
Justine Tunney <jtunney@gmail.com>
Justine Tunney <jtunney@mozilla.com>
Juuso Alasuutari <juuso.alasuutari@gmail.com>
Juyoung Suk <juyoung.suk@trillionlabs.co>
jwj7140 <32943891+jwj7140@users.noreply.github.com>
k.h.lai <adrian.k.h.lai@outlook.com>
Kai Pastor <dg0yt@darc.de>
kaizau <kaizau@users.noreply.github.com>
kallewoof <kalle.alm@gmail.com>
kallewoof <karljohan-alm@garage.co.jp>
kalomaze <66376113+kalomaze@users.noreply.github.com>
Kamil Tomšík <info@tomsik.cz>
kang <tpdns9032100@gmail.com>
Kante Yin <kerthcet@gmail.com>
Karol Kontny <82021046+kkontny@users.noreply.github.com>
Karsten Weiss <knweiss@gmail.com>
Karthick <j.karthic2004@gmail.com>
Karthik Kumar Viswanathan <195178+guilt@users.noreply.github.com>
Karthik Sethuraman <k.seth1993@gmail.com>
KASR <karim.asrih@gmail.com>
Kasumi <90275229+kasumi-1@users.noreply.github.com>
katsu560 <118887472+katsu560@users.noreply.github.com>
Kawrakow <48489457+ikawrakow@users.noreply.github.com>
kchro3 <62481661+kchro3@users.noreply.github.com>
Keiichi Tabata <keiichi.tabata@outlook.com>
Keke Han <hankeke303@163.com>
Kenvix ⭐ <kenvixzure@live.com>
Kerfuffle <44031344+KerfuffleV2@users.noreply.github.com>
Kevin Gibbons <bakkot@gmail.com>
Kevin Ji <1146876+kevinji@users.noreply.github.com>
Kevin Kwok <antimatter15@gmail.com>
Kevin Lo <kevlo@kevlo.org>
Kevin Pouget <kpouget@redhat.com>
Kevin Wang <kevmo314@gmail.com>
khimaros <me@khimaros.com>
kiltyj <kiltyj@gmail.com>
Kim S. <polydecay@users.noreply.github.com>
kimminsu <80271594+kimminsu38oo@users.noreply.github.com>
kiwi <122582483+kiwi142857@users.noreply.github.com>
klosax <131523366+klosax@users.noreply.github.com>
Kolen Cheung <ickc@users.noreply.github.com>
Konstantin Herud <konstantin.herud@denkbares.com>
Konstantin Zhuravlyov <konstantin.zhuravlyov@amd.com>
krystiancha <krystian@krystianch.com>
kunal-vaishnavi <115581922+kunal-vaishnavi@users.noreply.github.com>
kunnis <kunnis@users.noreply.github.com>
Kunshang Ji <kunshang.ji@intel.com>
kuronekosaiko <EvanChanJ@163.com>
kustaaya <58045274+kustaaya@users.noreply.github.com>
kuvaus <22169537+kuvaus@users.noreply.github.com>
kwin1412 <42286931+kwin1412@users.noreply.github.com>
Kyle Bruene <KyleBruene@users.noreply.github.com>
Kyle Liang <liangmanlai@gmail.com>
Kyle Mistele <kyle@mistele.com>
Kylin <56434533+KyL0N@users.noreply.github.com>
l-austenfeld <53152202+l-austenfeld@users.noreply.github.com>
l3utterfly <gc.pthzfoldr@gmail.com>
LaffeyNyaa <112215776+LaffeyNyaa@users.noreply.github.com>
laik <laik.lj@me.com>
Lars Grammel <lars.grammel@gmail.com>
Lars Sonchocky-Helldorf <lars.sonchocky-helldorf@hamburg.de>
Laura <Tijntje_7@msn.com>
Law Po Ying <30721578+yingying0906@users.noreply.github.com>
lcy <lcy0321@users.noreply.github.com>
ldwang <ftgreat@163.com>
le.chang <cljs118@126.com>
Lee <44310445+lx200916@users.noreply.github.com>
Lee Drake <b.lee.drake@gmail.com>
leejet <leejet714@gmail.com>
Leng Yue <lengyue@lengyue.me>
Lennart Austenfeld <53152202+l-austenfeld@users.noreply.github.com>
leo-pony <nengjunma@outlook.com>
Leon Knauer <git@leonknauer.com>
Leonard Mosescu <tlemo@users.noreply.github.com>
Leonardo Neumann <leonardo@neumann.dev.br>
LeonEricsson <70749762+LeonEricsson@users.noreply.github.com>
levkropp <levkropp@protonmail.com>
lexasub <lexakopp2212@gmail.com>
lgai-exaone <exaonemodels@lgresearch.ai>
lhez <lih@qti.qualcomm.com>
lhez <quic_lih@quicinc.com>
Li Pengzhan <151381994+Lpzhan931@users.noreply.github.com>
Li Tan <tanliboy@gmail.com>
limitedAtonement <limitedAtonement@users.noreply.github.com>
Linwei Wang <wanix1988@gmail.com>
Liu Jia <109258120+Septa2112@users.noreply.github.com>
Liu Jia <jia3.liu@intel.com>
liuwei-git <14815172+liuwei-git@users.noreply.github.com>
lixing-star <104126818+lixing-star@users.noreply.github.com>
lksj92hs <134250687+lksj92hs@users.noreply.github.com>
LoganDark <github@logandark.mozmail.com>
Loïc Carrère <loic.carrere@gmail.com>
lon <114724657+longregen@users.noreply.github.com>
loonerin <132926317+loonerin@users.noreply.github.com>
LostRuins <39025047+LostRuins@users.noreply.github.com>
LostRuins Concedo <39025047+LostRuins@users.noreply.github.com>
lovedheart <6277001+lovedheart@users.noreply.github.com>
ltoniazzi <61414566+ltoniazzi@users.noreply.github.com>
Luca Stefani <luca.stefani.ge1@gmail.com>
Lucas Moura Belo <lucas.belo@live.com>
Luciano <lucianostrika44@gmail.com>
Lukas Straub <lukasstraub2@web.de>
Łukasz Ślusarczyk <112692748+lslusarczyk@users.noreply.github.com>
Luo Tian <lt@basecity.com>
luoyu-intel <yu.luo@intel.com>
luyhcsu <110711054+luyhcsu@users.noreply.github.com>
Lyle Dean <dean@lyle.dev>
M-A <maruel@gmail.com>
M. Mediouni <mohamed@unpredictable.fr>
M. Yusuf Sarıgöz <yusufsarigoz@gmail.com>
m3ndax <adrian.goessl@outlook.com>
Ma Mingfei <mingfei.ma@intel.com>
Maarten ter Huurne <maarten@treewalker.org>
Mack Straight <eiz@users.noreply.github.com>
maddes8cht <55592906+maddes8cht@users.noreply.github.com>
Maël Kerbiriou <m431.kerbiriou@gmail.com>
MaggotHATE <clay1326@gmail.com>
magicse <magicse@users.noreply.github.com>
Mahekk Shaikh <118063190+Mahekk357@users.noreply.github.com>
Mahesh Madhav <67384846+heshpdx@users.noreply.github.com>
mahorozte <41834471+mahorozte@users.noreply.github.com>
makomk <makosoft@googlemail.com>
manikbhandari <mbbhandarimanik2@gmail.com>
Manuel <44313466+makuche@users.noreply.github.com>
maor-ps <154728172+maor-ps@users.noreply.github.com>
Marc Köhlbrugge <subscriptions@marckohlbrugge.com>
Marcello Seri <mseri@users.noreply.github.com>
Marco Matthies <71844+marcom@users.noreply.github.com>
Marcos Del Sol Vives <marcos@orca.pet>
marcoStocchi <marcostocchi77@gmail.com>
Marcus Dunn <51931484+MarcusDunn@users.noreply.github.com>
Marek Hradil jr. <marek.hradil@outlook.com>
Marian Cepok <marian.cepok@gmail.com>
Marius Gerdes <141485318+mglambda@users.noreply.github.com>
Mariusz Woloszyn <emsi@users.noreply.github.com>
Mark Fairbairn <thebaron88@gmail.com>
Mark Zhuang <zhuangqiubin@gmail.com>
Marko Tasic <mtasic85@gmail.com>
Markus Tavenrath <mtavenrath@users.noreply.github.com>
Martin Delille <martin@delille.org>
Martin Krasser <krasserm@googlemail.com>
Martin Schwaighofer <mschwaig@users.noreply.github.com>
Marvin Gießing <marvin.giessing@gmail.com>
Masashi Yoshimura <yoshimura.masashi.frbs@gmail.com>
Masato Nakasaka <masato.nakasaka@intel.com>
Masato Nakasaka <rillomas@gmail.com>
Masaya, Kato <62578291+msy-kato@users.noreply.github.com>
mashdragon <122402293+mashdragon@users.noreply.github.com>
MasterYi1024 <39848311+MasterYi1024@users.noreply.github.com>
Mateusz Charytoniuk <mateusz.charytoniuk@protonmail.com>
Matheus C. França <matheus-catarino@hotmail.com>
Matheus Gabriel Alves Silva <matheusgasource@gmail.com>
Mathieu Baudier <mbaudier@argeo.org>
Mathieu Geli <mathieu.geli@gmail.com>
Mathieu Nayrolles <MathieuNls@users.noreply.github.com>
Mathijs de Bruin <mathijs@mathijsfietst.nl>
Mathijs Henquet <mathijs.henquet@gmail.com>
matiaslin <45382001+matiaslin@users.noreply.github.com>
Matt Clayton <156335168+mattjcly@users.noreply.github.com>
Matt Pulver <matt.pulver@heavy.ai>
Matt Stephenson <mstephenson6@users.noreply.github.com>
matt23654 <193348153+matt23654@users.noreply.github.com>
matt23654 <matthew.webber@protonmail.com>
matteo <matteo.serva@gmail.com>
matteo <matteogeniaccio@yahoo.it>
Matteo Boschini <12133566+mbosc@users.noreply.github.com>
Matteo Mortari <matteo.mortari@gmail.com>
Mattheus Chediak <shammcity00@gmail.com>
Matthew Michel <matthew.michel@intel.com>
Matthew Tejo <matthew.tejo@gmail.com>
Matthieu Coudron <886074+teto@users.noreply.github.com>
Mattt <mattt@me.com>
Matvey Soloviev <blackhole89@gmail.com>
Max Krasnyansky <max.krasnyansky@gmail.com>
Max Krasnyansky <maxk@qti.qualcomm.com>
Max Krasnyansky <quic_maxk@quicinc.com>
Maxim Evtush <154841002+maximevtush@users.noreply.github.com>
Maxime <672982+maximegmd@users.noreply.github.com>
Maximilian Winter <maximilian.winter.91@gmail.com>
mdrokz <mohammadmunshi@gmail.com>
MeeMin <74113151+Meet91721@users.noreply.github.com>
Meng Zhang <meng@tabbyml.com>
Meng, Hengyu <hengyu.meng@intel.com>
Mengqing Cao <cmq0113@163.com>
Merrick Christensen <merrick.christensen@gmail.com>
mgroeber9110 <45620825+mgroeber9110@users.noreply.github.com>
Miaoqian Lin <linmq006@gmail.com>
Michael Coppola <m18coppola@gmail.com>
Michael de Gans <michael.john.degans@gmail.com>
Michaël de Vries <vriesdemichael@gmail.com>
Michael Engel <mengel@redhat.com>
Michael Francis <edude03@gmail.com>
Michael Giba <michaelgiba@gmail.com>
Michael Hueschen <m@mhueschen.dev>
Michael Kesper <mkesper@schokokeks.org>
Michael Klimenko <mklimenko29@gmail.com>
Michael Podvitskiy <podvitskiymichael@gmail.com>
Michael Potter <NanoTekGuy@Gmail.com>
Michael Wand <michael@baybridgeaquarium.com>
Michał Moskal <michal@moskal.me>
Michał Tuszyński <srgtuszy@gmail.com>
Michelle Tan <41475767+MichelleTanPY@users.noreply.github.com>
midnight <midnightmagic@users.noreply.github.com>
Mihai <mihai.chirculescu@yahoo.com>
Mike <ytianhui2004@gmail.com>
Mike Abbott <furrysalamander@gmail.com>
Mike Abbott <michael.abbott@lvt.com>
Mikko Juola <mikjuo@gmail.com>
Min-Hua <136287195+Min-Hua@users.noreply.github.com>
minarchist <minarchist@users.noreply.github.com>
Minsoo Cheong <54794500+mscheong01@users.noreply.github.com>
Minsoo Cheong <icycle0409@snu.ac.kr>
Mirko185 <mirkosig@gmail.com>
Mirror Azure <54669636+MirrorAzure@users.noreply.github.com>
MistApproach <98988043+MistApproach@users.noreply.github.com>
Miwa / Ensan <63481257+ensan-hcl@users.noreply.github.com>
mj-shifu <77107165+mj-shifu@users.noreply.github.com>
mmyjona <jonathan.gonse@gmail.com>
mnehete32 <33429707+mnehete32@users.noreply.github.com>
Mohammadreza Hendiani <hendiani.mohammadreza@gmail.com>
Mohammadreza Hendiani <mohammad.r.hendiani@gmail.com>
Molly Sophia <mollysophia379@gmail.com>
momonga <115213907+mmnga@users.noreply.github.com>
momonga <146910567+mmngays@users.noreply.github.com>
MoonRide303 <130458190+MoonRide303@users.noreply.github.com>
MorganRO8 <47795945+MorganRO8@users.noreply.github.com>
moritzbrantner <31051084+moritzbrantner@users.noreply.github.com>
muggle-stack <promuggle@qq.com>
Murilo Santana <mvrilo@gmail.com>
Musab Gultekin <musabgultekin@users.noreply.github.com>
musoles <135031143+musoles@users.noreply.github.com>
mzcu <milos.cubrilo@gmail.com>
Naco Siren <naco-siren@users.noreply.github.com>
Nam D. Tran <42194884+namtranase@users.noreply.github.com>
nanahi <130121847+na-na-hi@users.noreply.github.com>
Nathan Epstein <nate2@umbc.edu>
Natsu <chino@hotococoa.moe>
Nauful Shaikh <nauful@gmail.com>
NawafAlansari <72708095+NawafAlansari@users.noreply.github.com>
Nebula <infinitewormhole@gmail.com>
Neo Zhang <14088817+arthw@users.noreply.github.com>
Neo Zhang <zhang.jianyu@outlook.com>
Neo Zhang Jianyu <jianyu.zhang@intel.com>
Neuman Vong <neuman.vong@gmail.com>
NeverLucky <92274250+nvrxq@users.noreply.github.com>
Nexes the Elder <124105151+Nexesenex@users.noreply.github.com>
Nexes the Old <124105151+Nexesenex@users.noreply.github.com>
Nexesenex <124105151+Nexesenex@users.noreply.github.com>
ngc92 <7938269+ngc92@users.noreply.github.com>
nhamanasu <45545786+nhamanasu@users.noreply.github.com>
Niall Coates <1349685+Niall-@users.noreply.github.com>
niansa/tuxifan <anton-sa@web.de>
niansa/tuxifan <tuxifan@posteo.de>
Nicholai Tukanov <nicholaitukanov@gmail.com>
Nick <0x0b4ac@gmail.com>
nick huang <nickhuang99@hotmail.com>
nickp27 <nb.porter@gmail.com>
Nico Bosshard <nico@bosshome.ch>
Nicolai Weitkemper <kontakt@nicolaiweitkemper.de>
Nicolas B. Pierron <nicolas.b.pierron@gmail.com>
Nicolás Pérez <nicolas_perez@brown.edu>
Nicolò Scipione <nicolo.scipione@codeplay.com>
Nigel Bosch <pnigelb@gmail.com>
Nikhil Jain <nikhil.jain0987@gmail.com>
Nikita Sarychev <42014488+sARY77@users.noreply.github.com>
Niklas Korz <niklas@niklaskorz.de>
NikolaiLyssogor <59844691+NikolaiLyssogor@users.noreply.github.com>
Nikolaos Pothitos <pothitos@di.uoa.gr>
Nikolas <127742645+nneubacher@users.noreply.github.com>
Nikolay Popov <131475237+npopov-vst@users.noreply.github.com>
Nindaleth <Nindaleth@users.noreply.github.com>
ningshanwutuobang <ningshanwutuobang@gmail.com>
Noah <99681487+NoahOksuz@users.noreply.github.com>
nold <Nold360@users.noreply.github.com>
nopperl <54780682+nopperl@users.noreply.github.com>
nullname <chraac@gmail.com>
Nuno <rare-magma@posteo.eu>
nusu-github <29514220+nusu-github@users.noreply.github.com>
nwyin <tommynguyen0512@gmail.com>
o7si <32285332+o7si@users.noreply.github.com>
Oleksandr Kuvshynov <661042+okuvshynov@users.noreply.github.com>
Oleksandr Nikitin <oleksandr@tvori.info>
Oleksii Maryshchenko <oleksii.maryshchenko@gmail.com>
Olexandr88 <radole1203@gmail.com>
olexiyb <olexiyb@gmail.com>
Oliver Simons <oliver.simons@posteo.de>
Oliver Simons <osimons@nvidia.com>
Oliver Walsh <owalsh@redhat.com>
Olivier Chafik <ochafik@users.noreply.github.com>
Olivier Chafik <olivier.chafik@gmail.com>
omahs <73983677+omahs@users.noreply.github.com>
Ondřej Čertík <ondrej@certik.us>
oobabooga <112222186+oobabooga@users.noreply.github.com>
oobabooga <oobabooga4@gmail.com>
opparco <parco.opaai@gmail.com>
Oscar Barenys <rtfss1@gmail.com>
OSecret <135510162+OLSecret@users.noreply.github.com>
ostix360 <55257054+ostix360@users.noreply.github.com>
Ouadie EL FAROUKI <ouadie.elfarouki@codeplay.com>
PAB <pierreantoine.bannier@gmail.com>
Pablo Duboue <pablo.duboue@gmail.com>
Pádraic Slattery <pgoslatara@gmail.com>
Pascal <admin@serveurperso.com>
Pascal Patry <ppatry@mtacitlabs.com>
pascal-lc <49066376+pascal-lc@users.noreply.github.com>
Patrice Ferlet <metal3d@gmail.com>
Patrick Peng <retr0@retr0.blog>
Patryk Kaminski <kaminpatryk@gmail.com>
Paul Tsochantaris <ptsochantaris@icloud.com>
Pavel Zloi <github.com@drteam.rocks>
Pavels Zaicenkovs <github@a.pzv.me>
Pavol Rusnak <pavol@rusnak.io>
Paweł Wodnicki <151604+32bitmicro@users.noreply.github.com>
pculliton <phillipculliton@gmail.com>
Pedro Cuenca <pedro@huggingface.co>
peidaqi <peidaqi@gmail.com>
Penglin Cai <1402538448@qq.com>
pengxin99 <pengxin.yuan@intel.com>
Pepijn de Vos <me@pepijndevos.nl>
Percy Piper <piper.percy@googlemail.com>
Perry Naseck <4472083+DaAwesomeP@users.noreply.github.com>
perserk <perserk@gmail.com>
Peter <peter277@users.noreply.github.com>
Peter Sugihara <peter@campsh.com>
Peter0x44 <peter0x44@disroot.org>
petterreinholdtsen <pere-github@hungry.com>
Phil H <5756783+phiharri@users.noreply.github.com>
Philip Taron <philip.taron@gmail.com>
philip-essential <169196560+philip-essential@users.noreply.github.com>
Phillip Kravtsov <phillip@kravtsov.net>
Phylliida Dev <phylliida.dev@gmail.com>
piDack <104877312+piDack@users.noreply.github.com>
Pierre Alexandre SCHEMBRI <pa.schembri@gmail.com>
Pierrick Hymbert <pierrick.hymbert@gmail.com>
Pieter Ouwerkerk <pieter.ouwerkerk@gmail.com>
Piotr <piotr.stankiewicz@docker.com>
Piotr Jasiukajtis <estibi@me.com>
Piotr Kubaj <pkubaj@anongoth.pl>
Piotr Wilkin (ilintar) <piotr.wilkin@syndatis.com>
pl752 <pl752@mail.ru>
Plamen Minev <pacominev@gmail.com>
pmysl <piotr.myslinski@outlook.com>
pockers21 <134406831+pockers21@users.noreply.github.com>
postmasters <namnguyen@google.com>
Pouya <PooyaGhahramanian@Gmail.com>
pqnet <119850+pqnet@users.noreply.github.com>
Prabod <prabod@maincode.com>
Prajwal B Mehendarkar <prajwal.b.mehendarkar@ibm.com>
Prashant Vithule <119530321+Vithulep@users.noreply.github.com>
Przemysław Pawełczyk <przemoc@gmail.com>
psocolovsky <50770545+psocolovsky@users.noreply.github.com>
pudepiedj <pudepiedj@gmail.com>
PureJourney <edward.pong@qq.com>
QDelta <60222316+QDelta@users.noreply.github.com>
Qeeweew <68716978+Qeeweew@users.noreply.github.com>
Qin Yue Chen <71813199+chenqiny@users.noreply.github.com>
qingfengfenga <41416092+qingfengfenga@users.noreply.github.com>
qingy1337 <qxli2@students.everettcc.edu>
Qingyou Meng <meng.qingyou@gmail.com>
qouoq <qouoq@fastmail.com>
Qu Zongfu <43257352+yancaoweidaode@users.noreply.github.com>
Quentin Bramas <quentin.bramas@gmail.com>
qunash <anzoria@gmail.com>
R <github@00b.tech>
R <reg@00b.tech>
R0CKSTAR <xiaodong.ye@mthreads.com>
R0CKSTAR <yeahdongcn@gmail.com>
rabidcopy <rabidcopy@yahoo.com>
RachelMantel <rrm85040@gmail.com>
Radoslav Gerganov <rgerganov@gmail.com>
Radosław Gryta <radek.gryta@gmail.com>
Rafal Lewczuk <rafal.lewczuk@gmail.com>
Rahul Sathe <150351592+rrsathe@users.noreply.github.com>
Rahul Vivek Nair <68507071+RahulVivekNair@users.noreply.github.com>
rainred <107027757+gryffindor-rr@users.noreply.github.com>
Raj Hammeer Singh Hada <hammeerraj@gmail.com>
Ralph Soika <ralph.soika@imixs.com>
Rand Xie <randxiexyy29@gmail.com>
Randall Fitzgerald <randall@dasaku.net>
Random Fly <renfei8@live.cn>
rankaiyx <rankaiyx@rankaiyx.com>
Raul Torres <138264735+rauletorresc@users.noreply.github.com>
redbeard <bharrington@alticon.net>
Reese Levine <reeselevine1@gmail.com>
Reinforce-II <fate@eastal.com>
Rémy O <remyoudompheng@gmail.com>
Rémy Oudompheng <oudomphe@phare.normalesup.org>
Ren Xuancheng <jklj077@users.noreply.github.com>
Renat <rntk@users.noreply.github.com>
Rene Leonhardt <65483435+reneleonhardt@users.noreply.github.com>
Reza Kakhki <rezakakhki.de@gmail.com>
Reza Rahemtola <49811529+RezaRahemtola@users.noreply.github.com>
RhinoDevel <RhinoDevel@users.noreply.github.com>
rhjdvsgsgks <26178113+rhjdvsgsgks@users.noreply.github.com>
rhuddleston <ryan.huddleston@percona.com>
Rhys-T <108157737+Rhys-T@users.noreply.github.com>
Riccardo Orlando <Riccorl@users.noreply.github.com>
Riceball LEE <snowyu.lee@gmail.com>
Rich Dougherty <rich@rd.nz>
Richard <r-burton@hotmail.co.uk>
Richard Kiss <him@richardkiss.com>
Richard Roberson <richardr1126@gmail.com>
Rick G <26732651+TheFlipbook@users.noreply.github.com>
Rickard Edén <rickardeden@gmail.com>
Rickard Hallerbäck <rickard.hallerback@gmail.com>
Rickey Bowers Jr <bitRAKE@gmail.com>
Riley Stewart <ristew@users.noreply.github.com>
rimoliga <53384203+rimoliga@users.noreply.github.com>
Rinne <AsakusaRinne@gmail.com>
Rinne <liu_yaohui1998@126.com>
RJ Adriaansen <adriaansen@eshcc.eur.nl>
rmatif <66360289+rmatif@users.noreply.github.com>
rmatif <kingrealriadh@gmail.com>
rmatif <rmatif@proton.me>
Robert Brisita <986796+rbrisita@users.noreply.github.com>
Robert Collins <roberto.tomas.cuentas@gmail.com>
Robert Ormandi <52251610+ormandi@users.noreply.github.com>
Robert Sung-wook Shin <edp1096@users.noreply.github.com>
Robey Holderith <robey@flaminglunchbox.net>
Robin Davidsson <40024429+R-Dson@users.noreply.github.com>
Robyn <robyngraf@users.noreply.github.com>
Rőczey Barnabás <31726601+An0nie@users.noreply.github.com>
RodriMora <bullerwins@gmail.com>
Roger Meier <r.meier@siemens.com>
Rohanjames1997 <rohan.james4@gmail.com>
Roland <14355895+rbur0425@users.noreply.github.com>
Romain Biessy <romain.biessy@codeplay.com>
Romain D <90720+Artefact2@users.noreply.github.com>
Romain Neutron <romain@neutron.io>
Roman Parykin <donderom@gmail.com>
Ron Evans <ron@hybridgroup.com>
Ron Jailall <rojailal@gmail.com>
Roni <sulpher@gmx.net>
Ronny Brendel <ronnyb@nvidia.com>
Ronny Brendel <ronnybrendel@gmail.com>
Ronsor <ronsor@ronsor.pw>
Rotem Dan <rotemdan@gmail.com>
Rowan Hart <rowanbhart@gmail.com>
rspOverflow <217881046+rspOverflow@users.noreply.github.com>
rtaluyev <taluyev@gmail.com>
Ruan <47767371+ruanych@users.noreply.github.com>
Ruben Ortlam <picard12@live.de>
Ruben Ortlam <rortlam@redhat.com>
Ruchira Hasaranga <ruchira66@gmail.com>
Rudi Servo <rudiservo@gmail.com>
Ruikai Peng <retr0@retr0.blog>
Ruixin Huang <18860020911@163.com>
Rune <43761327+Rune-AI@users.noreply.github.com>
runfuture <runfuture@users.noreply.github.com>
RunningLeon <maningsheng@sensetime.com>
RunningLeon <mnsheng@yeah.net>
Russyyds <161207317+Russyyds@users.noreply.github.com>
Ryan Landay <rlanday@gmail.com>
Ryan Mangeno <160974989+ryan-mangeno@users.noreply.github.com>
Ryder Wishart <ryderwishart@gmail.com>
Ryuei <louixs@users.noreply.github.com>
s-goto-11 <206795233+s-goto-11@users.noreply.github.com>
s8322 <s0527684199@gmail.com>
Saba Fallah <10401143+sfallah@users.noreply.github.com>
Sachin Desai <smdesai@gmail.com>
safranowith <bsh155762@gmail.com>
SakuraUmi <yukinon244@gmail.com>
Salvador E. Tropea <stropea@inti.gob.ar>
Salvatore Mesoraca <s.mesoraca16@gmail.com>
Sam <sammcj@users.noreply.github.com>
Sam Malayek <12037535+SamMalayek@users.noreply.github.com>
Sam Spilsbury <smspillaz@gmail.com>
Sam/Samuel <57896620+cern1710@users.noreply.github.com>
SAMI <samuel.koesnadi@stud.uni-due.de>
Sami Farin <3876865+Safari77@users.noreply.github.com>
Samuel Maynard <samwmaynard@gmail.com>
Sandro Hanea <40202887+sandrohanea@users.noreply.github.com>
sandyiscool <sandyiscool@gmail.com>
Sang-Kil Park <sang.park@42dot.ai>
Sascha Rogmann <59577610+srogmann@users.noreply.github.com>
sasha0552 <admin@sasha0552.org>
SavicStefan <50296686+SavicStefan@users.noreply.github.com>
Scott Fudally <sfudally@nvidia.com>
Seb C <47074056+Sebby37@users.noreply.github.com>
Sebastián A <sebastian.aedo29@gmail.com>
SebastianApel <13675545+SebastianApel@users.noreply.github.com>
semidark <me@semidark.net>
Senemu <10880819+Senemu@users.noreply.github.com>
senhtry <w169q169@gmail.com>
Sergei Vorobyov <sergei.vorobyov01@gmail.com>
Sergey Alirzaev <l29ah@riseup.net>
Sergey Alirzaev <zl29ah@gmail.com>
Sergey Fedorov <vital.had@gmail.com>
Sergio López <slp@redhat.com>
Sergio López <slp@sinrega.org>
serhii-nakon <57632032+serhii-nakon@users.noreply.github.com>
Sertaç Özercan <852750+sozercan@users.noreply.github.com>
SeungWon Jeong <65549245+redlion0929@users.noreply.github.com>
ShadovvBeast <ShadovvBeast@gmail.com>
Shagun Bera <141054835+notV3NOM@users.noreply.github.com>
Shakhar Dasgupta <shakhardasgupta@gmail.com>
Shakil Ahmed <44522075+ahmedshakill@users.noreply.github.com>
shalinib-ibm <Shalini.Salomi.Bodapati@ibm.com>
Shane A <shanea@allenai.org>
Shangning Xu <32517059+xushangning@users.noreply.github.com>
shani-f <s0556787439@gmail.com>
Shankar <gshankar.87@gmail.com>
Shanshan Shen <467638484@qq.com>
shaofeiqi <109865877+shaofeiqi@users.noreply.github.com>
shaofeiqi <shaoqi@qti.qualcomm.com>
sharpHL <132747147+sharpHL@users.noreply.github.com>
Shawn Gu <shawngu@qti.qualcomm.com>
Shawn yang <137684499+Yangxiaoz@users.noreply.github.com>
Shelby Jenkins <47464908+ShelbyJenkins@users.noreply.github.com>
Sheldon Robinson <sheldon.robinson@live.com>
shibe2 <shibe@tuta.io>
Shijie <821898965@qq.com>
Shin-myoung-serp <relent95@naver.com>
Shintarou Okada <kokuzen@gmail.com>
Shouyu <65317431+joeldushouyu@users.noreply.github.com>
Shouzheng Liu <61452103+lshzh-ww@users.noreply.github.com>
Shouzheng Liu <lshzh.hi@gmail.com>
SHUAI YANG <shuaiyang047@163.com>
Shuichi Tsutsumi <shuichi0526@gmail.com>
shun095 <8069181+shun095@users.noreply.github.com>
Shunta Saito <shunta.saito@gmail.com>
Shupei Fan <dymarkfan@outlook.com>
Si1w <139008732+Si1w@users.noreply.github.com>
Sigbjørn Skjæret <sigbjorn.skjaeret@scala.com>
simevo <github@simevo.com>
Simon Redman <simon@ergotech.com>
Simon Willison <swillison@gmail.com>
simon886212 <37953122+simon886212@users.noreply.github.com>
Simranjeet Singh <105192966+simrnsingh@users.noreply.github.com>
singularity <12184989+singularity-s0@users.noreply.github.com>
sirus20x6 <sirus20x6@users.noreply.github.com>
Siwen Yu <yusiwen@gmail.com>
sjinzh <sjinzh@gmail.com>
sjxx <63994076+ylsdamxssjxxdd@users.noreply.github.com>
Sky <Iflyinskyin2013@gmail.com>
Sky Yan <skyan83@gmail.com>
slaren <2141330+slaren@users.noreply.github.com>
Slaren <2141330+slaren@users.noreply.github.com>
slaren <slarengh@gmail.com>
Slava Primenko <primenko.s@gmail.com>
Slobodan Josic <127323561+slojosic-amd@users.noreply.github.com>
Small Grass Forest <zixuanxcl@gmail.com>
SmartestWashingMachine <ottobizness@gmail.com>
SnA1lGo <44647694+skrandy@users.noreply.github.com>
snadampal <87143774+snadampal@users.noreply.github.com>
SoftwareRenderer <138734813+SoftwareRenderer@users.noreply.github.com>
Someone <sergei.kozlukov@aalto.fi>
Someone Serge <sergei.kozlukov@aalto.fi>
someone13574 <81528246+someone13574@users.noreply.github.com>
Sourab Mangrulkar <13534540+pacman100@users.noreply.github.com>
Spencer Sutton <spencersutton@users.noreply.github.com>
SRHMorris <69468379+SRHMorris@users.noreply.github.com>
Srihari-mcw <96763064+Srihari-mcw@users.noreply.github.com>
Srinivas Billa <nivibilla@gmail.com>
ssweens <1149151+ssweens@users.noreply.github.com>
standby24x7 <standby24x7@gmail.com>
staviq <staviq@gmail.com>
stduhpf <stephduh@live.fr>
Stefan Sydow <stefan@sydow.email>
Ștefan-Gabriel Muscalu <legraphista@users.noreply.github.com>
Steffen Röcker <sroecker@gmail.com>
Stephan Walter <stephan@walter.name>
Stephen Nichols <snichols@users.noreply.github.com>
Steve Bonds <sbonds@gmail.com>
Steve Grubb <ausearch.1@gmail.com>
Steven Prichard <spprichard20@gmail.com>
Steven Roussey <sroussey@gmail.com>
stevenkuang <stevenkuang@tencent.com>
Steward Garcia <57494570+FSSRepo@users.noreply.github.com>
StrangeBytesDev <141275258+StrangeBytesDev@users.noreply.github.com>
strawberrymelonpanda <152940198+strawberrymelonpanda@users.noreply.github.com>
Suaj Carrot <72162667+SuajCarrot@users.noreply.github.com>
sudhiarm <sudhi.sathyavathy@arm.com>
Sukriti Sharma <Ssukriti@users.noreply.github.com>
SuperUserNameMan <yoann@terminajones.com>
Sutou Kouhei <kou@cozmixng.org>
Svetlozar Georgiev <55534064+sgeor255@users.noreply.github.com>
swittk <switt1995@gmail.com>
SXX <sxx1136965276@gmail.com>
Tai Duc Nguyen <taiducnguyen.drexel@gmail.com>
Taikono-Himazin <kazu@po.harenet.ne.jp>
Taimur Ahmad <taimur.ahmad@10xengineers.ai>
Tak-RS <snosk.t@gmail.com>
takasurazeem <takasurazeem@gmail.com>
takov751 <40316768+takov751@users.noreply.github.com>
takuya kodama <a.s.takuya1026@gmail.com>
takuya kodama <otegami@clear-code.com>
tamarPal <tamarp3385@gmail.com>
Tameem <113388789+AhmadTameem@users.noreply.github.com>
Tamotsu Takahashi <ttakah+github@gmail.com>
tarcey <cey.tarik@gmail.com>
Tarek Dakhran <t.dakhran@gmail.com>
Tarek Dakhran <tarek@liquid.ai>
tastelikefeet <58414341+tastelikefeet@users.noreply.github.com>
Tatsuya Tanaka <tanakasan2525@gmail.com>
Taylor <quantumtraveling@gmail.com>
tc-mb <157115220+tc-mb@users.noreply.github.com>
TecJesh <qdvm5gl@163.com>
Tei Home <taiteitonghome@proton.me>
tempstudio <49735574+tempstudio@users.noreply.github.com>
teo <TeoZosa@users.noreply.github.com>
texmex76 <40733439+texmex76@users.noreply.github.com>
Thái Hoàng Tâm <75922889+RoyalHeart@users.noreply.github.com>
Thammachart Chinvarapon <1731496+Thammachart@users.noreply.github.com>
Thatcher Chamberlin <j.thatcher.c@gmail.com>
Theia Vogel <theia@vgel.me>
thement <40525767+thement@users.noreply.github.com>
theo77186 <theo77186@users.noreply.github.com>
theraininsky <76763719+theraininsky@users.noreply.github.com>
Thérence <13496987+Royalphax@users.noreply.github.com>
thewh1teagle <61390950+thewh1teagle@users.noreply.github.com>
Thibault Terrasson <thibault.terrasson@gmail.com>
thom-dev-fr <161708450+thom-dev-fr@users.noreply.github.com>
Thomas Germer <99991@users.noreply.github.com>
Thomas Jarosch <thomas.jarosch@intra2net.com>
Thomas Klausner <wiz@gatalith.at>
Thore Koritzius <thorekoritzius@outlook.de>
Thorsten Sommer <SommerEngineering@users.noreply.github.com>
TianHao324 <854531745@qq.com>
TianHao324 <tianhao42@huawei.com>
Tianyue-Zhao <zhaotianyue@outlook.com>
Tim Miller <drasticactions@users.noreply.github.com>
Tim Neumann <mail@timnn.me>
Tim Wang <overocean@gmail.com>
Timmy Knight <r2d2fish@gmail.com>
Timothy Cronin <40186632+4imothy@users.noreply.github.com>
Ting Lou <louting@189.cn>
Ting Lou <ting.lou@gmail.com>
Ting Sun <suntcrick@gmail.com>
tjohnman <tjohnman@users.noreply.github.com>
Tobias Lütke <tobi@shopify.com>
Todor Boinovski <todorb@qti.qualcomm.com>
Tom C <tom.corelis@gmail.com>
Tom Jobbins <784313+TheBloke@users.noreply.github.com>
Tomas <tom.tomas.36478119@gmail.com>
Tomáš Pazdiora <tomas.pazdiora@gmail.com>
Tony Wasserka <4840017+neobrain@users.noreply.github.com>
toyer <2042519524@qq.com>
TrevorS <trevor@strieber.org>
triplenom <79777178+triplenom@users.noreply.github.com>
Tristan Druyen <tristan@vault81.mozmail.com>
Tristan Ross <rosscomputerguy@protonmail.com>
Trivikram Kamat <16024985+trivikr@users.noreply.github.com>
tslmy <tslmy@users.noreply.github.com>
tt <291400568@qq.com>
Tungsten842 <886724vf@anonaddy.me>
Tungsten842 <quantmint@protonmail.com>
Tushar <ditsuke@protonmail.com>
tv1wnd <55383215+tv1wnd@users.noreply.github.com>
ubergarm <leimgrub@gmail.com>
ubik2 <ubik2@users.noreply.github.com>
UEXTM.com <84163508+uextm@users.noreply.github.com>
Uilian Ries <uilianries@gmail.com>
uint256_t <konndennsa@gmail.com>
uint256_t <maekawatoshiki1017@gmail.com>
Ujjawal Panchal <31011628+Ujjawal-K-Panchal@users.noreply.github.com>
Ulrich Drepper <drepper@gmail.com>
unbounded <haakon@likedan.net>
uvos <carl@uvos.xyz>
uvos <devnull@uvos.xyz>
uvos <philipp@uvos.xyz>
Uzo Nweke <uzoechi@gmail.com>
Vaibhav Srivastav <vaibhavs10@gmail.com>
Val Kharitonov <mail@kharvd.com>
Valentin Konovalov <valle.ketsujin@gmail.com>
Valentin Mamedov <45292985+Inf1delis@users.noreply.github.com>
Valentyn Bezshapkin <61702053+valentynbez@users.noreply.github.com>
Vali Malinoiu <0x4139@gmail.com>
valiray <133289098+valiray@users.noreply.github.com>
vb <vaibhavs10@gmail.com>
Vedran Miletić <vedran@miletic.net>
Victor <194116445+dodekapod@users.noreply.github.com>
Victor Nogueira <felladrin@gmail.com>
Victor Z. Peng <ziliangdotme@gmail.com>
Viet-Anh NGUYEN (Andrew) <vietanh.dev@gmail.com>
vik <vikhyatk@gmail.com>
Ville Vesilehto <ville@vesilehto.fi>
Vineel Abhinav <131174187+vineelabhinav@users.noreply.github.com>
Vinesh Janarthanan <36610342+VJHack@users.noreply.github.com>
Vinkal <vinkal-chudgar@users.noreply.github.com>
virajwad <84867530+virajwad@users.noreply.github.com>
viric <viric@viric.name>
Vishal Agarwal <vishalagarwal.jss@gmail.com>
Vishal Singh <vishal@zettabolt.com>
Vitali Lovich <vlovich+github@gmail.com>
Vivian <vynride@gmail.com>
Vlad <spitfireage@gmail.com>
Vladimir <bogdad@gmail.com>
Vladimir Malyutin <first-leon@yandex.ru>
Vladimir Vuksanovic <109677816+vvuksanovic@users.noreply.github.com>
Vladimir Zorin <vladimir@deviant.guru>
Vladislav Sayapin <70110788+v-sayapin@users.noreply.github.com>
vmobilis <75476228+vmobilis@users.noreply.github.com>
vodkaslime <646329483@qq.com>
VoidIsVoid <343750470@qq.com>
Volodymyr Vitvitskyi <72226+signalpillar@users.noreply.github.com>
vvhg1 <94630311+vvhg1@users.noreply.github.com>
vxiiduu <73044267+vxiiduu@users.noreply.github.com>
Wagner Bruna <wbruna@users.noreply.github.com>
Wang Qin <37098874+wangqin0@users.noreply.github.com>
Wang Ran (汪然) <wangr@smail.nju.edu.cn>
Wang Weixuan <wangweixvan@gmail.com>
WangHaoranRobin <56047610+WangHaoranRobin@users.noreply.github.com>
wangshuai09 <391746016@qq.com>
wbpxre150 <100937007+wbpxre150@users.noreply.github.com>
wbtek <171302111+wbtek@users.noreply.github.com>
Weird Constructor <weirdconstructor@gmail.com>
Weizhao Ouyang <o451686892@gmail.com>
Weizhao Ouyang <weizhao.ouyang@arm.com>
Welby Seely <welbyseely@gmail.com>
welix <taichitary@gmail.com>
Wentai Zhang <rchardx@gmail.com>
whoreson <139810751+whoreson@users.noreply.github.com>
Wilken Gottwalt <12194808+wgottwalt@users.noreply.github.com>
WillCorticesAI <150854901+WillCorticesAI@users.noreply.github.com>
william pan <61359596+wp4032@users.noreply.github.com>
William Tambellini <william.tambellini@gmail.com>
William Tambellini <wtambellini@sdl.com>
Willy Tarreau <w@1wt.eu>
woachk <24752637+woachk@users.noreply.github.com>
wonjun Jang <strutive07@gmail.com>
woodx <124784234+woodx9@users.noreply.github.com>
Woof Dog <197125663+woof-dog@users.noreply.github.com>
wooksong <wook16.song@samsung.com>
Wouter <9594229+DifferentialityDevelopment@users.noreply.github.com>
Wroclaw <wroclaw223@outlook.com>
wsbagnsv1 <sclumpfpapa36@gmail.com>
Wu Jian Ping <wujjpp@hotmail.com>
Wu Jian Ping <wujp@greatld.com>
wwoodsTM <104587230+wwoodsTM@users.noreply.github.com>
wzy <32936898+Freed-Wu@users.noreply.github.com>
xaedes <xaedes@gmail.com>
xaedes <xaedes@googlemail.com>
xctan <axunlei@gmail.com>
xctan <xc-tan@outlook.com>
Xiake Sun <xiake.sun@intel.com>
Xiang (Kevin) Li <kevinli020508@gmail.com>
Xiangyan Sun <wishstudio@gmail.com>
Xiao-Yong Jin <jinxiaoyong@gmail.com>
xiaobing318 <71554036+xiaobing318@users.noreply.github.com>
xiaofei <hbuxiaofei@gmail.com>
XiaotaoChen <chenxiaotao1234@gmail.com>
Xiaoyi Chen <cxychina@gmail.com>
Xie Yanbo <xieyanbo@gmail.com>
Xingchen Song(宋星辰) <xingchensong1996@163.com>
Xinpeng Dou <15529241576@163.com>
Xinpeng Dou <81913537+Dou-Git@users.noreply.github.com>
xloem <0xloem@gmail.com>
Xuan Son Nguyen <thichthat@gmail.com>
Xuan-Son Nguyen <son@huggingface.co>
Xuan-Son Nguyen <thichthat@gmail.com>
yael-works <106673277+yael-works@users.noreply.github.com>
YaelGitAccount <38328157276@mby.co.il>
YaelLogic <y0548591250@gmail.com>
Yaiko <elyaiko@hotmail.com>
YangLe <smilingpoplar@gmail.com>
yangli2 <yangli2@gmail.com>
Yann Follet <131855179+YannFollet@users.noreply.github.com>
Yaroslav <yaroslav.yashin@me.com>
Yavor Ivanov <yavorgenadiev@gmail.com>
Yazan Agha-Schrader <mountaiin@icloud.com>
Ycros <18012+ycros@users.noreply.github.com>
YehuditE <y8703470@gmail.com>
Yibo Cai <cyb70289@gmail.com>
Yibo Cai <yibo.cai@arm.com>
yifant-code <tian.yifan123@gmail.com>
Yiming Cui <conandiy@vip.qq.com>
Yishuo Wang <MeouSker77@outlook.com>
ymcki <84055651+ymcki@users.noreply.github.com>
Yoshi Suhara <y.suhara@gmail.com>
Yoshi Suhara <ysuhara@nvidia.com>
Yoshi_likes_e4 <104140648+pt13762104@users.noreply.github.com>
Younes Belkada <49240599+younesbelkada@users.noreply.github.com>
Yuanhao Ji <jiyuanhao@apache.org>
Yuannan <yuannan@users.noreply.github.com>
Yueh-Po Peng <94939112+y10ab1@users.noreply.github.com>
Yüg <eugeniosegalaweb@gmail.com>
Yui <dev@sleepyyui.com>
Yuichiro Utsumi <81412151+utsumi-fj@users.noreply.github.com>
yuiseki <yuiseki@gmail.com>
yulo <77381088+zhang-hui-yulo@users.noreply.github.com>
yumeyao <yumeyao@gmail.com>
yummy <57988893+jk3456a@users.noreply.github.com>
Yun Dou <dixyes@gmail.com>
Yuri Khrustalev <ykhrustalev@users.noreply.github.com>
yuri@FreeBSD <yurivict@users.noreply.github.com>
Yusuf Kağan Hanoğlu <hanoglu@yahoo.com>
Yuval Peled <31162840+Yuval-Peled@users.noreply.github.com>
Yuxuan Zhang <2448370773@qq.com>
Z <coffeevampirebusiness@gmail.com>
Zagaj <m.zagajewska@gmail.com>
zakkor <edward.partenie@gmail.com>
Zane Shannon <z@zcs.me>
Zay <95888118+isaiahbjork@users.noreply.github.com>
Zenix <zenixls2@gmail.com>
Zhang Peiyuan <a1286225768@gmail.com>
zhangkaihuo <zhangkaihuo@gmail.com>
ZHAOKAI WANG <sanxianwei@163.com>
Zheng.Deng <32841220+dengzheng-cloud@users.noreply.github.com>
zhentaoyu <zhentao.yu@intel.com>
Zhenwei Jin <109658203+kylo5aby@users.noreply.github.com>
Zheyuan Chen <sephirotheca17@gmail.com>
Zhiyong Wang <85110830+ravenouse@users.noreply.github.com>
Zhiyuan Li <lizhiyuan@uniartisan.com>
Zhiyuan Li <uniartisan2017@gmail.com>
zhouwg <6889919+zhouwg@users.noreply.github.com>
zhouwg <zhouwg2000@gmail.com>
ZhouYuChen <zhouyuchen@naver.com>
Ziad Ben Hadj-Alouane <zied.benhadjalouane@gmail.com>
Ziang Wu <97337387+ZiangWu-77@users.noreply.github.com>
zrm <trustiosity.zrm@gmail.com>
Zsapi <martin1.zsapka@gmail.com>
